driverId,name,ssn,location,certified,wage-plan
10,Keith Johnson,726-40-0668,"USNS Bell
FPO AE 45019",N,hours
11,Seth Glenn,004-79-6039,"535 Terri Corners
Mannport, OK 97847",N,miles
12,Jodi Howell,472-66-4432,"045 Kevin Points Apt. 126
Lake Williamchester, NM 66296",Y,miles
13,Miranda Reyes,113-97-9239,"9561 Ian Station Apt. 961
Carpenterside, NE 11127",N,hours
14,Jon Baker,531-40-8657,"522 Brown Forges
Paulaton, IL 29220",N,miles
15,Nicole Marsh,360-90-1613,"103 Campbell Knolls
New Kenneth, MP 49977",N,miles
16,Michael Cook,855-36-2282,"347 Jessica Island
Crystalfort, WV 12884",Y,miles
17,Cody Smith,069-05-9514,"583 Copeland Brooks
Lake Elizabeth, PW 44359",N,hours
18,Jose Fleming,892-35-2746,"51465 Christine Manors Suite 490
Port Gregorychester, TN 36205",Y,hours
19,Jason Bell,362-09-1273,"6451 Meyer Ranch Apt. 467
New Martinfurt, PW 67919",N,miles
20,Renee Bryant,526-28-3149,"PSC 3445, Box 8307
APO AE 19455",Y,miles
21,Amy Hernandez,714-22-5721,"20144 Scott Trail
Port Peterport, RI 55396",N,hours
22,Derrick Scott,218-18-2137,"8192 Daniel River
Woodmouth, LA 66816",N,miles
23,Annette Cox,652-53-3378,"3774 King Locks Apt. 469
Gillespieshire, LA 83611",N,miles
24,Martin Berry,256-20-5696,"25963 Scott Knoll
Matthewville, VA 06661",Y,miles
25,Travis Gordon,557-45-0499,"034 Davis Throughway Suite 825
East Kimberlychester, PR 54935",Y,hours
26,Krista Valencia,893-18-1000,"3431 Laura Islands Apt. 583
New Kevin, CT 60959",N,miles
27,David Carrillo,870-84-9768,"3215 Lewis Pine
Port Sandra, OH 99694",Y,miles
28,Sharon Davis,113-53-3339,"1958 Rachel Spur Apt. 172
Lake Lauramouth, MI 67076",Y,hours
29,Jason Smith,500-72-1852,"7466 Garcia Ways Suite 107
West Lauraside, GA 06760",N,hours
30,Sara Jones,827-54-7565,"PSC 5463, Box 0323
APO AA 81150",Y,hours
31,Amber Smith,856-48-5064,"4780 Rodriguez Neck
Jenniferborough, KS 94468",N,hours
32,Matthew Hernandez,819-71-0643,"3688 Anthony Track
Chasemouth, OK 72109",N,miles
33,Rachel Hall,755-80-1000,"878 Hill Shore
Port Stefanie, SD 02389",N,hours
34,Breanna Diaz,813-12-8779,"93397 Calhoun Turnpike Apt. 477
Nelsonmouth, RI 57212",Y,hours
35,Gabriel Galloway,475-57-3451,"4069 Nathan Lake
Port Tracy, MT 06475",N,miles
36,Leah Anderson,169-11-3842,"26521 Waller Village
Sarahstad, NC 60439",N,hours
37,Marissa Freeman,445-49-4981,"6222 Crystal Bridge
Lake Jenniferside, NM 78139",N,hours
38,Ana Brown,237-75-8585,"26321 Russell Glen
Sarahborough, VI 18962",N,hours
39,Stacy Chan,676-26-3493,"9893 Elliott Path Suite 433
North Mary, IL 18553",N,miles
40,Richard Brown,303-05-1981,"100 Lucas Oval
Brownville, ID 84662",Y,hours
41,Glenda Wheeler,762-91-2448,"68461 Eric Key Suite 345
Davidsontown, PA 84640",Y,miles
42,Scott Harris,161-24-2627,"49131 Flores Dam Apt. 702
West Brandonmouth, PR 35966",N,miles
43,Denise Rush,320-16-4686,"USNS Turner
FPO AP 93385",Y,miles
44,Debra Watson,029-88-2186,"6617 Boyd Plains Suite 624
Port Andrea, AK 86113",Y,miles
45,Sean Allison,707-58-3413,"67959 Tyler Field Suite 369
East Tracyland, PR 65491",N,miles
46,Joe Pace,609-74-1691,"USNS Campbell
FPO AE 99273",Y,miles
47,Amy Garrison,862-90-6606,"974 Jonathan Groves Apt. 036
Sonyaland, IL 84877",N,hours
48,Christine Farley,124-05-6104,"252 Hicks Alley Suite 183
Mollyshire, MP 11613",Y,miles
49,Jacqueline Ramirez,119-23-5966,"33264 Susan Bridge Apt. 613
South Jamesview, FL 67400",N,hours
50,Alicia Knight,206-90-6550,"5515 Jacob Street Apt. 597
Melissaville, CO 32650",Y,miles
51,Amber James,362-45-0178,"246 Sanchez Manor Suite 140
Ashleyton, IN 86516",N,hours
52,Amy Torres,786-23-3222,"Unit 8644 Box 2222
DPO AE 91921",Y,hours
53,Benjamin Ferguson,667-49-8391,"5636 Kennedy Stream
New Marcus, CT 54747",Y,hours
54,Yolanda Russo,302-65-2023,"958 Olivia Tunnel Suite 491
South Waltermouth, NH 88462",N,hours
55,Dale Hess,804-32-5021,"642 Odonnell Field
West Shawnside, RI 86297",N,miles
56,William Scott,801-52-5103,"8312 Howard Glens Apt. 839
Whiteburgh, VT 16323",N,hours
57,Elizabeth Cooper,344-03-8209,"808 Owens Ferry Apt. 333
Alexmouth, AZ 56299",Y,miles
58,Christy Nguyen,759-11-2723,"33367 Patricia Islands
South Cherylfort, NC 33562",Y,hours
59,Taylor Taylor,758-56-6749,"1846 Brittany Streets Suite 667
Snowhaven, KS 35875",Y,hours
60,Gina Cooley,842-69-6381,"768 Julia Burgs Apt. 934
Meadowsshire, NY 72592",Y,miles
61,Kristen Avila,098-42-7327,"8187 Stephens Divide
Port Samanthatown, MA 82768",Y,miles
62,Mary Oconnell,597-62-9119,"067 Jeffrey Points
Youngborough, OH 58760",N,hours
63,Steven Diaz,489-17-2743,"025 Manuel Rest Suite 418
Christinafurt, WA 25074",N,miles
64,Cody Campbell,717-23-1779,"9607 Cole Ramp
Lake Kimberlytown, MD 23754",Y,hours
65,Amy Sutton,365-34-7801,"34131 Harper Trace Suite 782
East Todd, DE 25126",Y,miles
66,Sarah Flores,445-05-3606,"748 Alison Shoals Apt. 859
South Nicholas, NJ 68298",N,miles
67,Debbie Perry,068-01-8107,"USNV Hebert
FPO AA 98164",Y,hours
68,Paul Castro,048-12-6130,"83442 Shawn Flat Suite 835
Grayport, WY 42585",N,hours
69,Jamie Hess,428-56-0183,"47496 Davis Lakes
West Andreafurt, LA 06907",N,hours
70,Benjamin Hall,796-60-4320,"391 Spears Tunnel Suite 391
East Matthewtown, MH 47687",N,miles
71,Javier May,541-48-6668,"45605 Scott Glens
Alvaradoburgh, NH 79888",N,hours
72,Lisa Mills,675-92-3320,"8676 Hamilton Extension
Alvaradofort, IL 29561",N,hours
73,Gabrielle Lee,196-38-7381,"87417 Cox Springs
South Stephenberg, DC 46807",Y,hours
74,Michelle Lopez,583-03-5998,"PSC 3755, Box 7481
APO AP 68788",Y,hours
75,Catherine Pruitt,641-77-3570,"6482 Eric Falls Suite 077
New Brianstad, OR 85860",Y,miles
76,Ashley Brown,833-28-3046,"04612 Williams Creek Apt. 532
Ramirezside, NE 69664",N,hours
77,Wayne Sellers,260-30-4394,"4482 Chapman Union
Veronicaport, WV 28136",Y,miles
78,Philip Clark,574-47-8063,"97129 Salinas Manor
New Jillview, AL 12126",Y,miles
79,Alexis Garcia,822-75-5257,"726 May Bridge Apt. 055
East Jon, CA 52084",Y,hours
80,Caroline Myers,020-31-5821,"5101 Davis Lock Apt. 165
Lake Richard, VT 06043",Y,miles
81,Jenna Melendez,754-42-7519,"17887 Lawrence Burg Suite 292
Johnland, CO 34466",Y,hours
82,Audrey Harrison,472-98-4234,"9838 Garcia Turnpike Apt. 687
Allenborough, MH 74406",Y,miles
83,Megan Rose,884-25-6261,"348 Dale Isle Apt. 623
North Scott, HI 37780",Y,miles
84,Steven Carter,758-43-5579,"4885 Eric Walks
East Michelefurt, MN 28603",Y,miles
85,Debra Mathews,881-56-1691,"0409 Michael Spur Apt. 662
Sharonmouth, VA 80863",N,hours
86,Megan Henderson,039-07-0346,"30971 Charles Lakes Suite 389
Port Veronica, MA 53904",Y,miles
87,Beth Aguirre,011-58-5688,"437 Sarah Falls
New Shaneborough, ME 12564",Y,hours
88,Megan Sandoval,361-17-3013,"51741 Melanie Forges
West David, IL 68040",N,hours
89,Deanna Owens,797-49-8414,"62603 Thomas Common Suite 030
West Andrewland, NV 92921",Y,miles
90,Heather Thompson,010-03-8363,"11545 Maurice Underpass
Kristimouth, AR 59593",Y,hours
91,Todd Bradshaw,771-87-1973,"344 Merritt Shores Suite 030
Port Victoriaborough, GU 26736",Y,miles
92,Rebecca Scott,486-56-9525,"11006 Patton Bridge Apt. 135
Weberchester, MP 95990",Y,miles
93,Benjamin Delgado,074-63-0321,"49780 Mccarthy Motorway
Mataside, NV 99346",N,hours
94,Mark Thomas,652-07-5327,"79736 Natalie Loaf
Derrickborough, VA 75669",N,miles
95,Christopher Castillo,085-53-5361,"303 Jennifer Mountain
Charlesmouth, NJ 60234",Y,miles
96,Casey Manning,676-07-0195,"939 Kayla Row
South Tiffany, DE 77979",N,hours
97,Matthew Anderson,227-90-9682,"4766 Peterson Tunnel
New Denise, KS 33142",Y,miles
98,Danielle Rowe,891-58-0771,"29568 Bryce Meadow Apt. 481
Port Stevefort, NC 62765",N,hours
99,Troy Scott,447-73-0321,"57688 Chandler Haven
West Darren, TX 17057",N,hours
100,Gary Miller,359-23-0324,"504 Brittney Trail
South Ritashire, PW 90371",N,hours
101,Aaron Williams,550-12-2803,"PSC 7677, Box 3883
APO AP 07086",N,hours
102,Susan Gibson,326-35-8011,"8358 Peter Highway Apt. 721
North Heatherburgh, IL 02642",N,miles
103,Kenneth Gibson,688-51-2855,"442 Cassandra View Apt. 660
Quinnborough, PW 51986",N,hours
104,James Little,380-28-1996,"202 Garcia Mountain
Port Stacey, SD 21264",N,hours
105,Dr. Dana Watson,331-04-4895,"71501 Lisa Squares Suite 520
Port Williamland, KS 31809",N,hours
106,Christine Payne,810-89-3405,"304 James Trail
Lake Christine, NJ 30168",N,miles
107,Lisa Kelly,153-91-4359,"07653 Justin Mews Apt. 940
South Daniel, MP 99024",Y,hours
108,Nathan Miller,214-72-1662,"25676 Kimberly Green Suite 865
Kimberlyton, MD 21271",N,hours
109,Victoria Mata,199-21-7842,"25166 Khan Circles
West Jeromehaven, NY 97154",N,miles
